{"avg_temp" :33, "avg_humi" :33, "avg_move" : 0.02619999999999996, "avg_snore" : 8.825299999999547}