{"avg_temp" :0.33132099999999026, "avg_humi" :0.3329059999999902, "avg_move" : 0.0002619999999999996}