{"avg_temp" :0.33132099999999026, "avg_humi" :0.3329059999999902, "avg_snore" : 0.08825299999999547}