{"avg_temp" :33, "avg_humi" :35, "avg_move" : 0.025799999999999976, "avg_snore" : 5.1160000000001284}